<NotepadPlus>
    <UserLang name="Prolog" ext="" udlVersion="2.1">
        <Settings>
            <Global caseIgnored="no" allowFoldOfComments="no" foldCompact="no" forcePureLC="0" decimalSeparator="0" />
            <Prefix Keywords1="no" Keywords2="yes" Keywords3="no" Keywords4="no" Keywords5="no" Keywords6="no" Keywords7="no" Keywords8="no" />
        </Settings>
        <KeywordLists>
            <Keywords name="Comments">03/* 04*/ 00% 01 02</Keywords>
            <Keywords name="Numbers, prefix1"></Keywords>
            <Keywords name="Numbers, prefix2"></Keywords>
            <Keywords name="Numbers, extras1"></Keywords>
            <Keywords name="Numbers, extras2"></Keywords>
            <Keywords name="Numbers, suffix1"></Keywords>
            <Keywords name="Numbers, suffix2"></Keywords>
            <Keywords name="Numbers, range"></Keywords>
            <Keywords name="Operators1">! ( ) , ; [  ] | @ { } -&gt;</Keywords>
            <Keywords name="Operators2"></Keywords>
            <Keywords name="Folders in code1, open">:-</Keywords>
            <Keywords name="Folders in code1, middle"></Keywords>
            <Keywords name="Folders in code1, close">.</Keywords>
            <Keywords name="Folders in code2, open"></Keywords>
            <Keywords name="Folders in code2, middle"></Keywords>
            <Keywords name="Folders in code2, close"></Keywords>
            <Keywords name="Folders in comment, open"></Keywords>
            <Keywords name="Folders in comment, middle"></Keywords>
            <Keywords name="Folders in comment, close"></Keywords>
            <Keywords name="Keywords1">findall abolish abolish_iles abort abort_hook absolute_ile_name append arg arity assert asserta assertz at_end_of_ile at_end_of_line atom atom_chars atom_string atomic attrib bagof beep break break_hook brsbox busy call call_dialog callable cat catch char chars chdir clause clauses close cmp compare compile compound constant consult copy copy_term crc current_atom current_op current_predicate debug debug_hook debugging decode decompile def defs del dict dir display dos dup dynamic dynamic_call elex encode ensure_loaded env eof eprint eqv eread errmsg error_hook error_message etoks ewrite exec exit expand_dcg expand_term fail false fclose fcreate fdata fdict ile ile_search_path ileerrors ind indall lag loat luff lush fname fntbox fnthdl fonts forall force fread free functor fwrite garbage_collect gc get get0 getb getx gfx gfx_back_close gfx_back_create gfx_back_dict gfx_back_handle gfx_begin gfx_bitmap_close gfx_bitmap_dict gfx_bitmap_handle gfx_bitmap_load gfx_brush_close gfx_brush_create gfx_brush_dict gfx_brush_handle gfx_cleanup gfx_clipping gfx_cursor_handle gfx_end gfx_font_close gfx_font_create gfx_font_dict gfx_font_handle gfx_fore_close gfx_fore_create gfx_fore_dict gfx_fore_handle gfx_icon_close gfx_icon_dict gfx_icon_handle gfx_icon_load gfx_mapping gfx_metaile_close gfx_metaile_dict gfx_metaile_handle gfx_metaile_load gfx_origin gfx_paint gfx_pen_close gfx_pen_create gfx_pen_dict gfx_pen_handle gfx_resolution gfx_rop_handle gfx_select gfx_test gfx_transform gfx_window_cursor gfx_window_redraw gfx_window_scroll grab ground halt hash help hide hide_dialog history index initialization inpos input integer integer_bound is keys keysort leash leashed len length library_directory list listing load_iles lst lwrupr mclose mcreate mdata mdf mdict mem member message_box message_hook midhdl midi_handler mkdir mnuhdl mrecv ms msend msgbox mstat mtime multiile name nl no_style_check nodebug noileerrors nogc nohash nonvar nospy nospyall not notrace number number_atom number_chars number_string numbervars occurs_chk one op open opnbox optimize optimize_iles otherwise outpos output pdict phrase popup_menu portray portray_clause predicate_property prgbox print prnbox prnend prnini prnpag prnstt proile prolog_lag prolog_load_conte prompt prompts put putb putx read reconsult remove removeall ren repeat retract retractall reverse rgbbox rich_format rich_print rich_syntax rmdir safe savbox save_predicates scan sckhdl sclose screate sdict see seed seeing seen setof sha show_dialog simple size_dialog skip skip_comments skip_layout skip_line skip_term sndmsg socket_handler solution sort source_ile spy srecv ssend sstat stamp statistics stats status_bars stream_position string string_chars stuff style_check subsumes_chk switch sysops system_menu tab tell telling term_expansion throw time timer_close timer_create timer_data timer_dict timer_get timer_set tipbox told total trace true ttylush ttyget ttyget0 ttynl ttyput ttyskip ttytab type uniiable unknown unknown_predicate_handler var vars ver version volatile wait wait_dialog warea wbtnsel wccreate wclass wclose wcmbadd wcmbdel wcmbfnd wcmbget wcmbsel wcount wcreate wdcreate wdict wedtclp wedtfnd wedtlin wedtpxy wedtsel wedttxt wenable wfclose wfcreate wfdata wfdict wind wfocus wfont wfsize winapi window_handler winsze wintxt wlink wlstadd wlstdel wlstfnd wlstget wlstsel wmclose wmcreate wmdict wmnuadd wmnudel wmnuget wmnunbl wmnusel wndgbdy wndgpos wndgrng wndhdl wrange wrchclp wrchfnd wrchget wrchlen wrchlin wrchlod wrchpxy wrchsav wrchsel wrchset wrchtxt write write_canonical writeq wsclpos wsclrng wshow wsize wstppos wstprng wstyle wtabadd wtabdel wtabget wtabrea wtabsel wtcreate wtext wthumb wtrkpos wtrkrng wucreate xinit nth0 nth1 select between sum_list permutation is_list atomic_list_concat format number_codes atom_codes delete atom_concat maplist transpose label indomain + - = &lt; &gt; #= #&lt; #&gt; #=&lt; #&gt;= #\= \= =:= =\= =.. =&lt; &gt;= * / mod rem // div rdiv gcd abs sign copysign max min random random_float round float rational truncate floor ceiling ceil sqrt #/\ #\/ #&lt;== #==&gt; #\ #&lt;==&gt; \ /\ \/ &gt;&gt; &lt;&lt; lsb msb pocount xor all_distinct global_cardinality cumulative disjoint2 automaton in ins foldl foldr labeling call_residue_vars copy_term fd_dom fd_size all_different sum scalar_product lex_chain tuples_in serialized element circuit chain zcompare fd_var fd_inf fd_sup use_module dif ==</Keywords>
            <Keywords name="Keywords2">A B C D E F G H I J K L M N O P Q R S T U V W X Y Z _</Keywords>
            <Keywords name="Keywords3"></Keywords>
            <Keywords name="Keywords4"></Keywords>
            <Keywords name="Keywords5"></Keywords>
            <Keywords name="Keywords6"></Keywords>
            <Keywords name="Keywords7"></Keywords>
            <Keywords name="Keywords8"></Keywords>
            <Keywords name="Delimiters">00` 01\ 02` 03&quot; 04\ 05&quot; 06&apos; 07\ 08&apos; 09 10 11 12 13 14 15 16 17 18 19 20 21 22 23</Keywords>
        </KeywordLists>
        <Styles>
            <WordsStyle name="DEFAULT" fgColor="FFFFFF" bgColor="293134" fontName="" fontStyle="0" nesting="0" />
            <WordsStyle name="COMMENTS" fgColor="008000" bgColor="293134" fontName="" fontStyle="0" nesting="0" />
            <WordsStyle name="LINE COMMENTS" fgColor="008000" bgColor="293134" fontName="" fontStyle="0" nesting="0" />
            <WordsStyle name="NUMBERS" fgColor="FFFF00" bgColor="293134" fontName="" fontStyle="0" nesting="0" />
            <WordsStyle name="KEYWORDS1" fgColor="0080C0" bgColor="293134" fontName="" fontStyle="0" nesting="0" />
            <WordsStyle name="KEYWORDS2" fgColor="EA8C00" bgColor="293134" fontName="" fontStyle="0" nesting="0" />
            <WordsStyle name="KEYWORDS3" fgColor="00ACFF" bgColor="293134" fontName="" fontStyle="0" nesting="0" />
            <WordsStyle name="KEYWORDS4" fgColor="000000" bgColor="FFFFFF" fontName="" fontStyle="0" nesting="0" />
            <WordsStyle name="KEYWORDS5" fgColor="000000" bgColor="FFFFFF" fontName="" fontStyle="0" nesting="0" />
            <WordsStyle name="KEYWORDS6" fgColor="000000" bgColor="FFFFFF" fontName="" fontStyle="0" nesting="0" />
            <WordsStyle name="KEYWORDS7" fgColor="000000" bgColor="FFFFFF" fontName="" fontStyle="0" nesting="0" />
            <WordsStyle name="KEYWORDS8" fgColor="000000" bgColor="FFFFFF" fontName="" fontStyle="0" nesting="0" />
            <WordsStyle name="OPERATORS" fgColor="408080" bgColor="293134" fontName="" fontStyle="0" nesting="0" />
            <WordsStyle name="FOLDER IN CODE1" fgColor="FF0000" bgColor="293134" fontName="" fontStyle="0" nesting="0" />
            <WordsStyle name="FOLDER IN CODE2" fgColor="000000" bgColor="FFFFFF" fontName="" fontStyle="0" nesting="0" />
            <WordsStyle name="FOLDER IN COMMENT" fgColor="000000" bgColor="FFFFFF" fontName="" fontStyle="0" nesting="0" />
            <WordsStyle name="DELIMITERS1" fgColor="00FF80" bgColor="293134" fontName="" fontStyle="0" nesting="0" />
            <WordsStyle name="DELIMITERS2" fgColor="80FF00" bgColor="293134" fontName="" fontStyle="0" nesting="0" />
            <WordsStyle name="DELIMITERS3" fgColor="80FF80" bgColor="293134" fontName="" fontStyle="0" nesting="0" />
            <WordsStyle name="DELIMITERS4" fgColor="000000" bgColor="FFFFFF" fontName="" fontStyle="0" nesting="0" />
            <WordsStyle name="DELIMITERS5" fgColor="000000" bgColor="FFFFFF" fontName="" fontStyle="0" nesting="0" />
            <WordsStyle name="DELIMITERS6" fgColor="000000" bgColor="FFFFFF" fontName="" fontStyle="0" nesting="0" />
            <WordsStyle name="DELIMITERS7" fgColor="000000" bgColor="FFFFFF" fontName="" fontStyle="0" nesting="0" />
            <WordsStyle name="DELIMITERS8" fgColor="000000" bgColor="FFFFFF" fontName="" fontStyle="0" nesting="0" />
        </Styles>
    </UserLang>
</NotepadPlus>
